sb_id,last_update
57976a0ce4b021cadec97890,2021-02-03T16:26:10Z
57dafd3ae4b090824ffc32f1,2021-02-03T16:27:23Z
5703e35be4b0328dcb825562,2021-02-03T16:27:07Z
57867c33e4b0e02680c14fff,2021-02-03T16:27:21Z
5728decfe4b0b13d3918a9aa,2021-02-03T16:25:56Z
5728d93be4b0b13d3918a99f,2021-02-03T16:26:09Z
5728dd46e4b0b13d3918a9a7,2021-02-03T16:27:14Z
572900afe4b0b13d3918aa64,2021-02-03T16:27:06Z
56f97be4e4b0a6037df06b70,2021-02-03T16:26:02Z
5669a8e3e4b08895842a1d4f,2021-02-03T16:26:12Z
56f96fc5e4b0a6037df06b12,2021-02-03T16:26:47Z
56f97577e4b0a6037df06b5a,2021-02-03T16:27:04Z
56f97456e4b0a6037df06b50,2021-02-03T16:27:27Z
573b6028e4b0dae0d5e3ae16,2021-02-03T16:25:58Z
56fd5bd0e4b0c07cbfa40473,2021-02-03T16:27:11Z
56f974e2e4b0a6037df06b55,2021-02-03T16:27:17Z
56f97acbe4b0a6037df06b6a,2021-02-03T16:27:28Z
573b5344e4b0dae0d5e3ad9c,2021-02-03T16:26:11Z
574ddc8ce4b07e28b66901b3,2021-02-03T16:26:14Z
574f3e86e4b0ee97d51abf31,2021-02-03T16:26:16Z
574f238fe4b0ee97d51a8916,2021-02-03T16:26:53Z
5704052ae4b0328dcb827bc7,2021-02-03T16:26:56Z
57040a6ce4b0328dcb828378,2021-02-03T16:26:27Z
5734acafe4b0dae0d5de622d,2021-02-03T16:26:04Z
5730f062e4b0dae0d5db1fbe,2021-02-03T16:26:19Z
573362bce4b0dae0d5dd6193,2021-02-03T16:26:20Z
57040af4e4b0328dcb82842b,2021-02-03T16:26:29Z
572a23c4e4b0b13d391a0142,2021-02-03T16:26:58Z
573b5497e4b0dae0d5e3ada1,2021-02-03T16:27:08Z
57053e25e4b0d4e2b756c17d,2021-02-03T16:25:54Z
57053dc5e4b0d4e2b756c117,2021-02-03T16:26:08Z
57054a24e4b0d4e2b756d0e7,2021-02-03T16:27:15Z
56f96ed1e4b0a6037df06a2d,2021-02-03T16:27:20Z
5705491be4b0d4e2b756cf8a,2021-02-03T16:26:49Z
58cbeef2e4b0849ce97dcd61,2021-02-03T16:27:22Z
5a5406bee4b01e7be2308855,2021-02-03T16:26:33Z
57ab4009e4b05e859be1ad26,2021-02-03T16:26:43Z
58c301f2e4b0f37a93ed915a,2021-03-31T20:13:58Z
57f66d66e4b0bc0bec06de3a,2021-02-03T16:26:23Z
